Changes made at Thu Nov 20 10:28:46 UTC 2025
Changes made at Thu Nov 20 12:27:18 UTC 2025
Changes made at Thu Nov 20 14:27:05 UTC 2025
Changes made at Thu Nov 20 16:34:34 UTC 2025
Changes made at Fri Nov 21 08:36:14 UTC 2025
Changes made at Fri Nov 21 10:28:29 UTC 2025
Changes made at Fri Nov 21 14:25:59 UTC 2025
Changes made at Fri Nov 21 16:31:41 UTC 2025
Changes made at Sat Nov 22 08:31:33 UTC 2025
Changes made at Sat Nov 22 10:25:02 UTC 2025
Changes made at Sat Nov 22 14:22:03 UTC 2025
Changes made at Sat Nov 22 16:29:47 UTC 2025
Changes made at Sun Nov 23 08:31:47 UTC 2025
Changes made at Sun Nov 23 10:25:48 UTC 2025
Changes made at Sun Nov 23 14:22:01 UTC 2025
Changes made at Sun Nov 23 16:30:13 UTC 2025
